temp,weekday_impact,actual_consumption
32.648602922600816,1.0,19.970832520253275
-4.206584704007039,0.8,-13.607033341686572
-8.451836752856748,1.0,-9.723303604856074
8.646632355795088,1.2,7.327861614198861
-1.2414685258964777,1.2,5.6522962179268985
-1.711156165154371,0.8,2.1991084959246017
2.9518826019267763,1.0,3.1731061191112184
1.1782522361084684,0.8,13.44104690773399
20.81579309675689,1.0,13.864897946102257
-1.5950212013768468,1.2,-4.8200751826777894
14.440323733876635,0.8,13.143470853096094
34.38919457645884,0.8,14.789423646184854
9.457208943032999,1.0,2.1874162854711052
18.88428989579464,1.0,3.5374806460037735
33.62172549784432,1.0,15.753790538403916
-3.806245088138608,1.2,-6.8505974463321735
8.837315418187224,1.0,8.205780734264499
28.258658008786433,1.2,14.702251388066603
31.953755723519592,1.0,10.172108297786128
17.05562260815073,1.0,9.122594655767763
-3.5460728856899486,1.2,4.396119858812053
30.566221277644473,1.0,24.394417499097848
-2.149904521407585,1.2,-8.823029566943854
5.879503174945334,1.2,0.24802446455240412
6.8978589993017785,1.0,-1.9978219955208916
10.128119294268263,1.0,7.831814951375286
25.557461716892732,0.8,6.53417880904243
26.096497014611806,1.0,19.34442374669419
22.384478297515138,0.8,18.01070371580535
-9.004209651028827,1.0,0.588488760260951
15.41802959977182,1.2,5.322577838857617
23.637183014663,1.2,9.746994346487023
10.008135802769427,0.8,3.520831784271233
32.52212204144284,1.0,22.786436720071112
27.071473484615794,0.8,5.845575369911508
18.716977946907384,1.0,12.289109552802968
-7.190866734286898,1.0,-7.262677168073597
19.35558114124122,1.2,8.780686727700054
31.021082056349854,0.8,19.991258268338996
7.0750424096428155,1.2,-2.8397104230055934
27.715963652241243,1.2,13.669279281691985
4.092251428798054,1.2,2.601940154997835
15.654648119628625,0.8,8.440362368315151
19.179098826685205,1.0,10.073644087516696
20.50977669015027,1.0,14.038179768623797
29.714719150895668,0.8,13.397411794064979
0.5580020152826943,1.0,3.105835693317671
1.8066313380038608,0.8,3.3525098393175963
21.681844698983156,0.8,13.071265162333338
-2.026278438218286,1.0,2.6260542269413403
10.892168223378214,1.2,8.05648610631485
-9.098452716525319,0.8,-4.197589653247711
-3.655929835444865,0.8,-7.372701090913766
20.548087326298763,0.8,17.85997766715139
23.635772156678925,0.8,21.09101412089091
-4.810643504295542,1.0,-3.202357482115781
0.24692976850386472,1.0,3.405504141023154
-5.5492999058327,0.8,-4.71271434804503
9.503577976630257,1.2,2.350690077398638
-4.324776816491503,1.0,-0.8858093515592428
9.678320772510052,1.2,20.076439546501746
22.944421511050926,1.2,20.648945810539786
20.752488491453786,0.8,18.403912200814965
2.620721908333035,1.0,4.904220525882679
20.31931471611196,0.8,6.372031950216138
31.747045890480962,0.8,21.85760121454067
5.638597418821197,1.2,-10.191735675785633
4.810361916392296,1.2,5.559554243853339
15.714739316690785,1.2,14.546759346941325
1.0475814962362318,0.8,2.081212021842404
19.321051759111338,0.8,50.27586327737373
27.451779680261645,0.8,7.396451463597729
10.669332729438441,0.8,14.138144650745293
20.57782962177721,0.8,10.300356286709981
19.33484407473479,0.8,17.7213359283835
-8.260049716858472,0.8,1.7709595038671306
-1.7462667170900623,0.8,7.497219201729645
30.208850081815847,1.0,20.981752591123907
32.25014663142587,1.0,20.584748110807226
25.119783796002984,1.0,20.39071065817685
31.456166674746257,1.0,17.00548012478821
3.776689291335865,0.8,5.700053225254268
1.1469937300571154,0.8,1.3554071121841877
7.293508440223398,1.2,1.4175881744042313
-7.509610065229621,1.2,0.07992624421101091
26.444222856859753,1.0,15.205840432927141
34.287896830178475,1.2,24.628819619608187
27.081318159647445,1.0,13.579387118751555
14.973890068364668,0.8,4.4834877942557485
3.2876886717327416,0.8,8.658891986674721
-1.1035950155388718,1.2,0.9649079276482793
6.382829230849698,0.8,0.03526892122959158
20.013628829669283,0.8,17.752044348512754
10.117769999337064,1.0,10.69268853744461
32.032691903801876,1.2,26.460508445725246
28.439915433457962,0.8,13.315384702282147
-5.391972281669547,1.2,-3.900065078256474
-4.081364925143051,0.8,-6.673540512824061
20.43076333850499,1.0,8.380856587818343
0.384577549115944,0.8,-0.9395118604014021
25.5963444655288,1.2,17.413179555437132
16.611116404685887,1.2,29.791667443943755
0.3423737480007496,1.0,-2.1454973129468202
11.540905886626604,0.8,15.0537394595294
8.2734331565165,1.0,-9.517939622921656
29.292171163523207,1.2,18.247388545699263
-8.552688626032738,1.0,-9.728427376893357
30.312975071005546,0.8,11.930226840508414
19.34372072958845,0.8,17.58866905294671
23.18921843967704,1.0,12.952491941322164
-9.882664147331482,1.2,9.544048357761241
18.270774531675457,1.2,13.469450402061655
16.48187736699617,1.0,5.092569309669572
14.174250037383494,0.8,10.675820117015169
25.364008551764826,0.8,19.131866352835768
15.014199337842737,0.8,10.916763062772649
28.569373530193594,0.8,14.007882238640079
0.4684168884337261,1.2,-7.02107851892679
26.26921650372649,0.8,12.322378634181979
-1.930925222883742,1.0,8.372619099579971
26.5903006386041,1.0,10.311566491602605
32.320858347285544,1.0,15.10132365562239
5.106236403967284,1.0,8.519564277431206
13.844884129108497,0.8,10.820954712869119
19.624806031541645,1.2,4.462904842467043
-6.423775036547743,0.8,-2.9549713661175785
12.23363231918541,1.2,14.351664569258109
6.226323946471101,0.8,4.0455548659137675
29.260503406308864,1.2,22.986406727870005
29.450578341874674,1.0,23.16416814802335
21.535079279625656,1.0,7.1292393371654486
19.507601356662423,1.2,9.47857541291355
23.015980667413558,1.2,15.99600811668449
6.469410545126319,1.2,-3.253724804508531
8.203366103778144,1.0,3.9864357554661907
14.916712529991738,1.0,11.189288073583139
32.211265731401035,0.8,13.794377609711894
22.579994335380313,1.2,15.430532559344375
14.794516002330049,1.2,5.59639462176643
24.668585670352158,1.2,10.47803224589439
6.690064050729127,1.0,8.065961619073432
22.871001551496676,1.2,19.475725441864707
8.480431172721516,1.2,1.8864924919961497
2.5847633156743743,1.0,-3.7644200993581203
17.43758213850316,1.2,9.732508690524664
20.909490184258303,0.8,13.589253104513736
10.668210253080389,1.0,2.730469480790699
15.447532910997566,1.0,17.027210067586573
21.232973368518056,1.0,10.882285024143286
24.546952320087925,0.8,9.426635476804867
30.30071655873843,1.0,25.80886867479311
5.954489281894766,1.0,10.309956363999706
32.81647637836671,1.0,13.771096558608718
18.677591455538938,1.0,15.674499826226546
25.446584721452652,0.8,10.244071673821622
21.489606956664723,1.2,15.78268603679704
-0.7492723593217026,1.2,9.711985957102552
-6.785272764602725,1.0,16.199714619977495
22.682890880815414,0.8,9.452594689530512
12.99737005075594,1.0,4.91952957331463
21.599601578374607,1.2,13.327842759680482
11.457926176195688,1.2,9.295635584602097
4.05055341874268,0.8,2.3797766584197206
2.8258059166805722,1.2,-5.796294219493107
22.873945889149738,1.0,6.281919476438096
2.4551036659598626,0.8,-2.3901918219142226
22.160459191643938,1.2,15.079713097085731
7.278205684282035,1.0,-2.3364488769015077
24.69042819434611,0.8,8.576799498328116
-3.5735533397798678,1.0,-6.454990434818367
-0.7759025558044499,1.2,2.518571690229698
20.86602225740736,1.0,17.091721575606318
15.210400408921817,0.8,9.175970536587313
-0.8254745820280363,1.0,49.63568207113191
30.627215527706973,1.2,17.28335032722368
2.417486633569082,0.8,1.5380168608957008
8.948212918713523,0.8,1.3532462492006965
-0.897042615735792,1.2,1.76642728047874
7.461242825368139,1.0,0.596741658611819
12.124103755016339,1.0,2.1671664186660244
3.28611745308136,1.2,-2.194748692053901
24.60921529384175,0.8,43.59039901092902
7.72698403908112,1.2,2.562979505855662
22.82794999814452,0.8,25.487644486158366
-0.6817521074390491,0.8,1.5060237102286858
6.966597355693043,1.0,5.44789905272266
-9.637376999700917,1.2,-6.3784720660296035
24.13869127611703,0.8,28.196718273339606
18.164898994871788,1.0,5.462710588432191
26.80204962142053,1.2,12.232476118641545
10.502485464622097,1.2,11.447296271832677
25.988328967077763,0.8,14.805921475095484
19.141214492194027,0.8,4.0054277718597495
-9.83741803595926,0.8,-3.9822471346855735
1.4162432789830373,1.2,5.306544871594604
12.225110849281162,0.8,9.472653446130039
17.840930737038708,1.2,13.426386499848267
-7.048411090091328,1.0,8.404283900395235
21.728596768270627,1.2,13.421948848250405
14.459124394126693,0.8,12.007784489765132
13.660068806822856,1.2,-4.090855615727982
3.14205011440618,0.8,11.698849560639237
16.767039477075958,1.0,9.708516767689257
-8.762819966570142,0.8,-7.921438160838315
-7.088485127320518,0.8,-3.72038328717972
23.024153924577867,0.8,15.624686308129096
4.485110414028375,0.8,8.216297836488263
5.6135184031017715,0.8,3.1305222576135336
-0.6226658534596687,0.8,3.4958769328875166
10.052931144496949,1.0,4.7103805002504835
-7.660295586491486,1.0,-0.3720109721295781
3.5163450607001145,1.2,27.22902660844223
13.720576479996389,0.8,9.16441827522615
10.953436470161165,1.2,5.121896946129917
34.98513394053652,1.0,20.51085852016613
7.4944093452609515,1.0,0.6144716732092919
7.4149576664439,0.8,5.480572072571987
12.661179983650715,0.8,3.958253139099581
-1.4363600377946586,1.2,-4.486495426651874
29.433699033162107,1.0,12.189035521806996
15.752050498900182,1.2,8.035899134604685
-1.3551562360259908,1.2,-2.119937967961678
25.704871611745958,1.2,16.033867359584548
-8.455052298571603,0.8,-3.029066349358203
34.215389026344226,1.0,23.180496759961756
28.931720064711712,1.2,15.243548262557871
16.083775499030892,1.0,9.945323042177339
-4.9916951759320085,1.0,7.833758615097375
-0.3127252019647866,1.2,-1.150540093920563
2.5745826641103413,1.2,1.0615299802879905
0.8464282056624945,0.8,7.240656229972963
12.38840047040506,1.0,2.410065825277945
32.50521666202165,1.2,24.029479544681017
9.987766314551472,1.2,5.009395703751717
19.770405567803245,1.0,6.718694021190795
20.98624426904704,1.2,16.219203779861544
29.22113263645172,1.0,14.354934791029242
-8.478042059281634,1.2,6.082416497043051
8.1948526706394,1.0,5.503214595685614
25.31308013387447,1.2,14.225970113248655
26.66901567344508,1.2,11.603995228105678
31.729967682830505,0.8,15.931162356421297
21.625746191810105,1.0,10.449654056455017
1.0319275747134569,0.8,7.972875594493852
12.754958438797019,1.2,9.025492049630952
-8.54446204364961,1.0,0.2555227151053949
19.111775349421105,1.0,11.0483726480214
14.943284517894053,1.2,6.616881918874402
20.00763263425819,1.2,13.058770936108758
31.8563249024418,1.2,25.081896369853723
20.927447527419417,1.2,6.421759082519179
4.420246866864254,1.0,5.307529583121191
-1.0568501258429457,0.8,7.754481942405811
28.45862930683947,1.0,11.155450770466743
-1.2550535526807742,1.0,4.982529849896273
-2.7275688732086243,1.0,4.252069736281598
-0.7024563693560886,1.0,-5.822631494498637
12.897838165872805,1.2,13.201101428284812
-4.411565057824442,0.8,-4.376372531724586
32.215324876851604,1.0,18.90191188814463
33.48141682580403,1.0,22.861414326162325
33.821083397734945,0.8,23.710947643554192
-8.239383783112608,1.2,-10.598939464859903
32.57888869160143,1.0,26.232456861423444
34.88367196778413,1.2,25.731477122337267
32.40930992054692,1.0,22.464325562106563
20.192250759321773,1.0,12.903515197639585
21.555356858382538,0.8,9.399189029444674
-4.498617705694856,0.8,-6.865218023616402
29.343368468373313,1.2,7.7524825437620635
-7.3162186917052825,1.0,0.5645706853200032
4.29787459779379,1.2,8.606091079709326
34.601824031668414,0.8,17.677805406538184
9.004754559634787,0.8,2.997504747912703
-4.097969921563357,0.8,-0.8994207732922723
33.618259792208605,0.8,14.407188747518068
34.28628411687812,0.8,18.05119053780525
-1.5830791642578532,1.2,-3.0803674749446754
28.916171393307685,1.2,18.718282269034134
7.569049678725129,0.8,10.803872405453497
7.161580901902152,1.0,7.1233223271536295
1.8213934353605747,1.0,1.5083693942594774
-7.988037645029657,1.0,1.9516347332448412
2.060404265835059,1.0,2.124733697881575
-7.58003926001266,1.0,1.996723988264808
31.596742086198354,0.8,13.417651239353505
19.77743025767278,1.2,8.555028009111762
29.89801925073762,0.8,10.804935423384268
22.278080666175676,1.0,9.81166137800461
-4.092090801281233,1.0,3.8609374238449985
32.3261691530884,1.2,13.004346400098944
30.495187413474518,0.8,4.5247935048657
5.663423505546605,1.2,1.9591387185329374
-4.980999684174558,1.0,-7.3591455783027655
21.68696378549932,1.0,9.321426557030247
22.776258623152515,1.2,23.122476931539392
30.357307017831822,1.0,11.73380625023652
-7.630490824701404,0.8,0.15242424753754813
-3.623327288768267,1.0,-1.2127399210390903
16.921195679563205,1.0,11.323001155755355
17.860919789153716,0.8,7.184158229433267
-8.487565195824718,1.0,2.5629490656294145
7.861942297774629,1.2,7.265207857154035
16.287277907422208,1.2,11.61681591901984
23.206009991828026,1.0,13.097474791386835
4.226781130024785,0.8,9.193196743201508
11.775657185982865,0.8,9.488586646366112
26.632469254040416,1.2,16.37075820834947
32.92527787539832,1.0,20.725864651652003
0.36416039254304877,0.8,-7.817809262426773
1.38689926189533,0.8,2.4322521493911347
32.291818434524394,1.2,17.02579046526492
7.816001784320761,1.2,10.95092177736435
22.32567460343342,0.8,8.457692314785309
17.55193529284443,1.2,10.981496446382453
2.851445590732533,0.8,11.844925272194466
19.410299988111124,1.0,10.576574791899988
19.5004655430638,1.2,4.298863785064955
16.659943343408433,1.2,20.399671926859874
-5.51526288177192,1.0,-5.335366126433346
34.782732006831694,0.8,12.99247606390901
8.018740752687233,0.8,-0.19243093514622878
18.7212943428645,1.2,14.19896964116175
29.859276235067867,0.8,22.218537985816354
9.047981978892636,0.8,14.126006059209484
24.826627556249683,1.0,13.489914423430596
33.73209911057327,1.0,12.931681070310544
6.152064211387174,1.0,1.2263074456177545
8.237130660473152,1.2,5.4864857438827555
30.75092265484559,1.0,16.26953647061932
-2.8160709483167654,1.0,6.133455359402246
-8.713232273825096,0.8,-10.144684587576357
30.900005218210033,1.0,10.872621849378827
26.971620835291112,1.2,13.13676148183557
33.76623646480994,1.0,19.72913894486048
-7.379299778019479,1.2,-4.702931223405351
-2.972020130155574,0.8,-3.306424610829602
-5.260934840958601,0.8,39.096908257217194
20.753725953216914,1.0,13.736628258547906
17.270453318621446,0.8,4.5116127719503325
6.170083972426685,1.0,1.5365004819478827
-7.415943426898974,0.8,-0.3238865398320394
18.784789282094344,1.2,4.28728291210656
15.655421830177549,0.8,11.181376519681745
-4.919355502272292,1.0,-3.178668182391897
30.900936701317136,1.0,18.264509733422003
-1.0472630647604255,1.0,1.0756908563951784
23.457911846473536,1.2,7.342184350190021
29.828413814432672,0.8,12.531108372780977
16.07637458121688,1.0,16.275192282357832
1.10820073842131,1.2,13.610709409649886
3.916183293131363,1.2,16.62731869561643
29.858639017347457,1.2,21.34493508867444
3.421572036941809,0.8,3.988869712396581
23.578571749278694,0.8,23.00070215701089
34.55743455149324,0.8,15.286158055298252
34.9917523713205,1.2,23.187295188412115
14.006588672119914,0.8,6.290078104278005
27.1950108553744,1.0,21.004521480049405
34.56124405645398,1.2,30.037061352323803
6.860280042889201,0.8,5.29546612633821
1.358431328163764,1.2,-3.8155962489075783
-4.859498987101756,1.2,5.83961437109916
-3.6595162867093247,0.8,1.7976527050475595
28.41003636292985,1.2,17.295181948257856
16.49253906381833,0.8,16.962462572202575
29.31691289266186,0.8,9.770274096998802
25.525479006447583,0.8,9.981829779050496
20.318508352160798,1.2,14.330580901128144
17.419048635808732,1.2,6.217132182775267
-7.824749311985817,0.8,-4.692421533429879
29.25238382014365,1.2,22.200030386462338
8.802892775587143,0.8,7.366214215436499
15.19040856821264,1.0,2.701066338281028
-9.012092415534067,1.2,23.83222381782569
32.123307583825415,1.2,23.457019830072536
30.623320749140063,1.0,17.169350687152175
14.447511346314752,1.0,12.582748330575363
15.979023492576083,1.0,6.404460545369096
21.725774558156992,0.8,12.962279011488604
1.9112703396267534,0.8,-6.128186293083856
-0.013796977901384011,1.0,4.141762909367529
20.331032597073474,0.8,12.766169245912394
-5.300989922849133,1.2,-7.9018235676112285
10.432790212552135,1.0,13.82079141547839
12.174219079959052,1.2,10.142781315084088
7.160163961182558,0.8,0.9167088901589535
-1.66293209360194,1.0,3.44917193401282
5.989231894640961,0.8,-1.1275607215503891
5.190076410220248,1.2,34.64367668157915
12.466955359193769,0.8,2.1373210788147183
20.360637871033372,1.2,6.339809918616909
33.570580558677676,0.8,19.77335450034471
-3.512653292155229,1.2,-0.0837038970172107
29.285769947348683,0.8,19.183991069520555
2.7880100175618097,1.0,-11.704424374700235
16.611774650063253,1.0,7.348190335866729
14.603162659274062,0.8,6.2145576000217755
15.062678838271832,1.2,8.994510864980183
22.551137527346583,0.8,12.209427456584976
7.175973758704817,1.0,5.7284133533994375
4.359498345658503,1.2,3.8238225038509404
28.37755579334648,0.8,12.69479036094972
-0.09572318765783727,0.8,-1.245592882261933
-1.888928320998561,1.2,-0.008560145394254537
-9.297665350513261,0.8,-1.3256160708262454
-0.5239998086865967,1.0,1.1634895822325444
13.333914499251875,1.0,3.741032747758729
14.23289928563511,1.2,23.14938442713522
1.4489221037990454,0.8,4.073938848160329
-6.747662348146006,0.8,1.2131323854226803
23.508835835534278,1.0,18.109489099970325
24.108890685303486,1.2,10.799814939311766
34.90263783312027,1.2,9.262900898358584
30.501330674062295,1.2,18.35888931423598
31.67279290329391,1.0,13.258237195418005
25.919172158477387,1.0,13.442734280632152
17.69762840221246,1.2,10.789963637051397
-4.215431907797028,1.2,1.8605323662119166
18.004098385514496,0.8,14.26804342865635
-7.481986281341801,0.8,2.9071813275561142
29.838460007203658,1.2,22.715822596809993
11.681960093638885,1.0,7.361212173177292
21.386277438911012,1.0,3.2499250466122493
-7.64903513368162,0.8,-6.072219911014993
14.041179031527143,1.2,15.261219947520182
3.556852903401314,1.0,3.522224241441373
2.8235719581760534,1.0,35.56340252557941
7.534516161643214,1.0,2.872331094899388
-9.97122426127593,1.0,7.578703047732456
10.999739677407806,0.8,6.292327912358942
11.895500762357223,1.0,4.848983973171915
28.84089121275788,1.0,11.862112908331895
10.183652354711707,1.2,9.591096062457261
6.360033224045278,1.2,-2.685253151910479
34.76361731131085,0.8,15.4330300060718
15.704599607112332,0.8,8.389391392729268
11.267594388536278,0.8,-4.855386748442098
12.317112554677074,0.8,6.47137689733242
26.41315838789623,1.0,22.809061813399516
5.330436603657239,1.2,6.024993454276898
7.5122208208675545,1.0,1.4658821379471174
24.014301170185938,1.0,10.61777405795885
-6.715731717380374,1.0,-0.6721387863275377
28.93261211644664,1.2,13.112570383628993
9.359121341058646,0.8,7.822359665939033
16.158183897754178,0.8,6.184215906293202
24.08642716669258,1.2,8.121750155808009
1.9723365097705177,1.2,8.090145398933625
30.064139374429303,0.8,19.37726852573006
34.06512375154748,1.0,8.590414528618568
12.242346263275607,0.8,5.236882260615046
32.1621814264703,1.2,22.495786610670038
-9.949211986285777,0.8,-5.005309192797222
30.240702333598776,0.8,13.017604807905343
3.9970393888087496,0.8,1.5357990833289514
4.017294112742087,1.2,3.763234096341514
0.26399891464727254,1.2,0.43382094988159325
4.265625551790585,0.8,2.519429391595916
-0.39319373356141973,0.8,22.993088968945184
30.764109783948726,1.0,11.513962838151128
30.45606772460149,1.0,11.102236036547932
-5.400490828571987,0.8,-7.350025544973024
-3.5713707010078384,1.2,-0.12818779821697146
28.790838755479996,1.0,18.309247032082705
7.9521996892735665,0.8,0.06958400977351165
-2.382774519732477,1.0,-7.691986410821931
12.980123109645525,1.0,3.1334660739703324
8.750062246404273,1.0,12.38704883503013
-0.13773008179156676,1.2,-0.434409370972338
22.43384982249355,0.8,10.946500178118626
18.40801905497289,1.2,6.415444631953262
-5.515227390005174,1.2,1.3009153379270024
31.642402144640414,1.0,16.204522480450862
15.131148457853111,0.8,4.73237983791693
1.2592019178593823,1.0,-3.5249521769927092
-0.7168683217436431,1.2,2.730803787208697
-3.882340838250931,1.2,0.5787553538717747
9.108683287565782,0.8,-0.8370617985848474
-3.9006544109123453,1.2,5.3865837363586
8.71173856678518,1.2,2.3464274101841
-3.3053307294647043,0.8,-11.976432104923543
19.55633846857502,1.0,18.42134131343517
25.335890975886123,0.8,12.95523449527628
14.728523638524138,1.2,10.736614819398842
20.602559368470377,0.8,19.462710910927314
32.22704316878274,1.0,12.100414337509617
18.726718830677353,1.2,12.960036662545324
6.3871189182747194,1.0,10.070201179886745
10.2266071403712,1.0,1.4407501871608694
28.72363517324166,0.8,22.46510176582464
-4.1175856472456625,1.0,-8.104591222216836
4.65816601026947,0.8,30.010165446272065
15.977603103671786,0.8,3.4121172805433932
20.437530623379548,1.0,14.697979896702627
24.357458394426736,0.8,8.151757772636378
4.319305819823921,0.8,-0.12689220537390078
-3.4363389695882365,1.0,-5.112996553006327
32.96776443544519,1.2,11.67420255962341
-6.562350229058223,0.8,-6.31600070028011
-5.688758989590156,0.8,-2.271037787737284
12.272414385588597,1.0,6.635127777702232
26.867196266461924,0.8,13.151232486238525
24.8526847859897,1.0,10.09362683982353
32.19646697873413,1.2,15.518066951051608
-3.6278840974155226,1.2,-8.541871457327574
6.907726567809622,1.0,0.9589294283190486
2.6963957924769524,1.2,1.439389548075984
28.73915555996024,1.0,16.84136247690535
11.975957912654017,0.8,7.649292747328596
-8.791842951295013,1.2,-9.335820532536019
21.858398307727846,0.8,13.86813548205246
7.491414402197115,0.8,5.15695835798628
13.901604351695553,1.0,15.151637101748205
30.220434215449913,1.2,8.838212410110422
1.5531998584765248,1.2,1.2942153827597747
0.8119104025479711,0.8,6.36248712790244
1.8436626881040201,0.8,0.23970198392369513
5.2148596066866215,1.0,-0.9598492975534407
-5.169071140925516,1.2,-5.464840501317795
21.374884736386523,1.0,15.611395639710363
-0.6670576976888558,1.0,-7.073968975648178
31.676558627176355,1.0,15.172127327795508
-0.2941158740558194,1.2,-3.327405434580922
1.5038913188948797,1.0,-2.2527329590340193
3.365910296486735,1.2,5.09095944740954
24.584214365513716,1.0,11.315643298454605
9.242291934891341,0.8,6.586316358772715
26.87005808137784,1.0,8.224992960990491
25.31841705601048,1.0,17.808701480326913
31.827069024535994,1.2,18.176904592976918
24.047186979682465,0.8,19.013633328185588
-7.663997364892172,0.8,-5.066750761582402
27.677657316457626,1.2,17.286641963651526
32.213266851743505,1.2,21.22361800764424
34.71601366473511,0.8,20.307482005892094
-4.362958264039069,1.2,7.5074668216589115
17.597297119694055,0.8,1.282557054610395
-1.024360035212828,1.0,1.3610745718825898
1.812933841066954,1.0,-0.12280517785009959
23.551295220028607,0.8,10.187198335563842
33.99504729645771,0.8,25.26519619734392
16.768497565836032,1.0,6.283188110451062
28.27630114200113,1.0,19.40228313359044
-9.600228827702743,0.8,-9.270533179831409
-8.351576206767133,1.2,2.121779086880843
16.85259517966385,1.2,9.51403894891071
7.50423957201976,0.8,3.1383172074787424
30.039101673791926,1.2,8.53577809593508
3.5891860888580176,1.0,1.3911800901835183
9.442296237682136,1.0,2.287379955663684
13.75591390242057,1.2,16.816269729364777
2.2867474798811394,0.8,2.201702418452619
30.882269035398245,1.0,13.458652482604313
10.904011309614372,1.0,3.257772161719187
9.087002410355762,1.0,-1.2559743945872013
28.238887202044964,1.2,22.93083925430169
4.039028074155432,0.8,9.100910114658614
26.785940502993242,1.2,14.258374703156386
-4.497721627539274,0.8,9.44786618145868
-1.774515998579517,0.8,-0.15276002294902838
32.78787497772806,1.2,23.076103130888242
27.910137086346857,1.0,17.78587532418243
7.455450565538282,0.8,1.6552355409229804
18.730540192266325,1.2,11.477065184867717
32.43365852439301,1.0,19.080449398475988
-0.466349371116209,0.8,-5.954511557453403
-7.344528839964971,0.8,-1.4323867104113917
14.186062902738737,1.0,13.797754113135799
-3.583140460138303,0.8,-4.44922081110352
-1.570640827988118,1.2,-0.6374282445386616
30.11926353792107,0.8,10.311613865078723
-9.66684436097989,0.8,-6.447411393310878
26.756901190874082,1.0,12.352433591101203
13.262784935102342,1.2,15.722204891019153
15.168247444038517,1.0,6.998174376275219
20.229558220536312,1.2,8.663172850233192
9.415024653860467,1.0,5.237729526454862
-4.7974650313413365,0.8,-10.137162721354894
-5.373089928782929,1.2,-13.280114206170358
23.946298963277414,1.2,6.262573291923145
-0.0534185529721789,0.8,2.3938054814796725
-8.735424237206011,1.0,-3.3810966476530475
34.08262500945235,1.2,22.586838111699095
34.1176183712312,0.8,10.2569540238437
7.016360180470095,0.8,3.2878641098387424
-8.851426994929906,1.2,-11.184823758618624
22.72690963667374,1.2,13.90005736522756
27.395542721855115,1.2,8.00827902826164
-4.374383944788561,0.8,-2.604033457181984
-3.9043623290843676,1.0,29.841093600748483
27.00007998635558,1.0,12.544044076171392
31.485832492185565,1.2,5.633164722325153
25.58396765033673,0.8,21.903647549441708
-0.9664772873711698,0.8,-2.1701180088999195
8.518454874539941,1.2,-2.588309049847058
17.037909163966134,0.8,13.124934585962436
-2.7867936780627085,0.8,3.399451832326289
-0.5228878315371261,0.8,-0.9723484192714711
2.729873243084974,1.2,10.24617774934121
12.928097163087642,1.2,3.960568893850657
12.98621992298964,1.2,8.571352902969698
26.64325337063987,1.0,16.875634882437055
23.885459030943153,1.0,20.512720607754126
31.118105379947394,1.2,7.042505808071029
27.48057752710684,0.8,25.99931665217718
1.4244896737544597,0.8,7.3816083360066225
4.908354618679994,1.2,20.819765188338373
12.51904596346402,0.8,3.061261719208675
-9.357798944635993,0.8,-8.2972432157362
30.675590282767466,1.0,17.77695178363687
-8.004510434694735,0.8,-0.7332552301059128
4.509857186748635,0.8,4.8792685933207265
15.612865603838301,1.2,9.805196531699826
13.30286248730896,1.0,9.811245062566323
19.450695177164363,1.0,-0.20276537904050684
13.738407888239408,0.8,6.338681874592149
0.30506415663654707,1.2,-5.5636269049572915
-0.9514815492757656,1.0,0.32156604137288136
30.826118108397438,1.0,22.94538753555102
1.878503153101665,0.8,-2.8041828768247337
2.6439755245781047,1.0,-1.2244600875746334
8.582880324515507,1.2,1.243856006047099
-3.725275278251172,1.2,-4.242173166746644
12.827277999045819,1.0,10.183902503733572
19.926429276595915,1.2,15.099200540821643
25.370022143481506,1.2,21.231014472375357
22.015440883890314,0.8,6.7820734341225055
-3.356381616388134,1.0,2.7415067951104053
10.523021523691575,1.0,10.51335672607134
-8.26362096363197,0.8,4.9346712621599025
-9.199090147557282,0.8,-8.451984746467675
9.805868822321028,0.8,-4.314964963198327
1.383222250593306,0.8,0.10468229419018549
20.751235769301324,1.2,25.61905513684275
22.590835406603567,1.2,7.019103785037574
30.293167605121504,0.8,18.38120853862015
24.23071310925674,1.0,2.032713571753357
-7.829014458855624,1.0,6.159692360169448
6.723035466099546,1.0,-5.029504955968083
2.286050828845495,0.8,-10.012622566142706
7.375960242222256,1.2,5.382325566770303
-2.796595346408429,1.2,0.3935500574542654
-5.603315333923295,1.2,5.494789583701982
13.44430441287803,1.2,12.169458826391871
22.417158988987744,1.0,2.2056991026795423
21.585990586937427,1.0,11.033647599494081
10.292494497930221,1.2,2.860800953074882
13.502554383002575,0.8,0.8760155917936405
13.234792512888863,1.2,9.985759159355911
21.120666999562527,1.2,16.975238312138814
-7.843367081978917,0.8,-7.148162604270932
21.945324899205076,1.2,10.508411124593566
16.199040534077938,1.0,7.768589105487145
-1.0851078397791607,0.8,-3.0479795656583626
-7.792351581418098,0.8,-5.233095968994368
-5.116249424895021,1.2,-4.666753911758074
13.611110363867134,1.0,8.428726191905652
24.128383854107724,1.0,10.131978336302364
5.0595779206025515,1.0,5.665251264112457
7.060575981734974,1.2,1.7797459602037868
32.03658867707506,1.2,20.451997232025967
-0.41441121853407914,1.0,-2.265628511803463
-5.331275894109177,1.2,1.5630434624164156
5.4534551210008075,1.0,-0.5162287710943003
23.566495377152314,1.2,17.410060401632563
18.173478097525933,0.8,0.9966142195576744
8.710794771630614,0.8,5.126165860566064
33.41386397743237,1.2,15.07117703805809
23.0748397232558,1.2,12.506513256915
-7.21623590275178,1.0,-8.538061884334432
23.508414973432174,0.8,11.581222804713228
-8.918264984236375,1.0,-9.005900757973421
19.264549540283248,1.2,9.64142273706409
-0.5282723668303575,1.0,-0.9198958722839761
21.339899406690098,1.0,13.31956373726641
3.9400804991508274,1.2,3.4990868166581413
29.28528385800042,0.8,24.834153897024976
5.16112264661572,1.0,1.030887546232858
17.886313493193363,1.2,9.480013532741484
2.8667401844294744,1.0,18.35490293526199
31.27496953139802,1.2,15.719725116715624
25.144819146267757,1.2,18.53851641772026
0.9486294355071401,1.2,4.557064025016888
32.69585206513968,0.8,28.821823634025982
6.072091530930269,0.8,-3.317182822723038
19.33392264502344,1.2,3.1440577385841006
23.428395400147835,0.8,6.924799593110997
-8.969402734078946,1.0,-2.620805821936947
33.15353057707608,0.8,12.359753721868056
5.49985877393142,0.8,-7.117279910897041
-1.459949795594909,1.0,-4.351763073218975
28.28185062778241,1.0,16.983842016281667
21.63046772705365,1.0,7.2972561684285795
-6.096552731949134,1.2,3.8637843093488007
-4.73299383804537,1.0,-6.993420612715239
22.183634179414206,1.0,12.162536819832606
-6.634753481841221,1.0,-4.272002227941317
31.27289458058293,1.2,17.778848082753967
23.369306162643497,0.8,13.928923825994929
5.097149268514496,1.2,11.674556361208822
6.332245065140221,0.8,7.415352351666011
12.792324329184563,1.0,5.292330667528679
6.243623614184308,1.2,7.386125508333863
25.25608481472421,1.2,17.57928392429162
33.863162484572705,0.8,27.95641063599339
16.30346819471869,1.2,8.56606786624994
10.0716797450388,1.2,5.821264607535842
0.024836312069773214,0.8,7.373914637445926
19.404503866151007,1.2,0.9096485517427926
20.85095878169287,1.2,10.602289482482671
20.83357731564637,1.0,14.888454526243468
-8.785673385917846,1.0,1.8432274318198631
30.460494529721196,1.0,5.183489838580693
5.214795354312949,1.0,-3.08394018003649
23.48745931167241,1.0,0.28027854916619077
24.191310819514392,1.2,17.660350462384812
19.27497404655078,1.2,11.85977046353088
7.7689935414931455,1.0,11.979565881534441
17.37728975674365,0.8,9.634482076592771
-8.191058893395555,1.0,8.109390816523128
24.285310648455784,1.2,8.627503596262667
-5.518510825224749,0.8,-3.7949510931707633
7.8537916609820755,1.0,6.991048058973349
-5.337154555076504,0.8,-5.432346226077673
27.66835006185925,1.0,16.920005180043816
14.763607704618163,1.2,8.02854043754634
21.092980407617258,1.0,10.701878846000215
20.716197642917585,0.8,10.531684231904723
27.8722804246327,1.2,18.663140362186326
-4.03437684946894,1.0,-2.7316403327943197
19.687766318219786,1.0,5.244148849977777
15.881032448164582,1.0,9.276361205254176
-8.609629484290808,1.0,-6.474393974928441
-0.9359691029738855,1.2,-4.2640433744510435
2.040719362019937,1.2,-6.434570884558083
-6.734963105687523,1.0,2.2881795825947604
5.962391265446067,1.2,7.493690044211587
-8.775887107803594,0.8,3.4491210359228246
14.89325715159783,1.2,8.66050382495903
-0.482456773909572,0.8,5.951530344643671
2.915139747913937,0.8,-2.4607692009389073
30.971223177707785,1.2,44.80148069543431
12.626758210558645,1.0,3.555099654727358
2.1056269059987134,1.2,1.2230951444480302
16.93077912116298,0.8,11.067667947735515
-0.9247854309626966,0.8,43.86849562130332
-6.65219414061168,1.2,-0.5156951734009323
-9.05921405198791,0.8,7.557376764416485
32.818807041931535,1.2,18.208503639121762
22.60748708644023,1.2,13.00742079374007
25.997666673157205,1.0,15.689846530934807
34.14129776804744,0.8,39.360738230723484
31.923291653604778,1.2,18.984588349135837
23.161093938688218,0.8,6.219286993969594
21.22941814186937,1.2,16.07567281341477
5.1582498620919495,1.2,16.307551519558384
-5.3192236692204045,1.0,-6.074531742148256
15.81751467654092,1.2,8.902564760084529
15.931398278986652,1.0,2.1017449325969038
32.85067784370848,0.8,20.984945468872436
9.915686299776919,1.0,9.712645953632848
21.086343093773074,1.0,4.023004720832752
15.87367823285248,0.8,2.1745784023999466
-2.045789690452783,1.0,-10.43121748934472
16.64289384897125,1.0,17.173344797402166
14.305251921326903,1.2,4.159043046583524
12.225769725920998,1.0,6.441828855814444
13.104032014181367,1.2,5.918745743602735
-2.6205412618508275,1.0,4.631969478303958
10.856497905380053,0.8,9.52936114468227
17.254397231971854,0.8,12.461303239489327
12.025213940849273,1.0,2.9523260110379557
11.990878780676628,1.2,10.601595770010137
-6.51170305931564,1.0,2.3863354250799813
-1.4151631592476157,1.2,3.7509035942796585
4.443771174897529,1.0,-3.223425070691433
8.870614726665796,0.8,-0.41341096532353294
16.72718497363719,0.8,17.849211771063764
28.85052970353773,1.2,25.3449943367714
-2.837586786010572,1.0,-0.768679244733405
-9.321038640518728,1.2,-3.8168754820019375
10.21567088491621,0.8,6.694909475122533
9.444630383523265,1.2,8.817335361662376
14.835554832282757,1.0,1.205261894523784
27.494979711717527,1.2,16.0995840276771
26.106224794211506,1.0,8.89935492357084
-5.498052200649496,1.0,-1.8502334737671924
32.029791500450315,0.8,12.395744386080835
-5.031352239649989,1.0,-4.757094666340272
18.555672884040625,1.0,11.18577349555944
20.258283211800904,1.0,8.042623255806369
20.594486925038968,1.2,6.002995657516064
1.9408027253925901,0.8,9.037947872471426
4.865529129424637,1.2,-1.7899493202447072
14.69045938172286,1.2,-3.007054003414389
-1.0185626889955728,0.8,3.134542636751008
-9.086028947499194,1.2,-4.791414023601397
15.296500452885905,1.2,8.701562200011157
10.937535740540326,1.0,7.25968288425481
19.55290428005579,1.2,17.329726528489925
-3.3984740874853037,0.8,8.419753955767128
27.841620256543315,1.2,16.3880333737141
-3.4200330192762713,1.0,-6.588651818150397
30.11046221960106,1.2,16.98504865188899
10.228452766806637,0.8,8.860137135254618
14.741236671771265,1.0,13.388796553230064
30.346160118379494,1.2,17.059549435936354
3.496087181468015,0.8,-0.25466180990485965
-1.8177851691481823,0.8,-4.642831354358871
10.058822936875412,1.2,5.646641040757354
0.9965252837468039,1.2,-5.806759597619454
13.752976019314268,1.0,9.848392312551931
2.38660389999424,1.2,3.2798826773641974
28.902029101795563,1.0,16.312745686421234
17.32960665159767,1.2,13.452937414887094
-9.989169861569398,0.8,3.0602698629148524
26.246318060592117,0.8,13.571002895069205
4.859555152676567,0.8,3.6144439552366676
4.40935928697307,0.8,1.1563529036073212
7.237826546051032,1.0,7.37646947227662
18.36181376378363,0.8,9.942825211497386
9.892731967740037,1.0,11.721664322464214
18.28859959563661,1.0,15.81453443547753
-3.3948675263893433,1.0,0.8829412705145574
33.65740090358386,1.2,17.63064325499372
22.832282918773878,1.0,11.049904222023711
1.2593198230272353,1.2,4.2314925321175
22.587645863364912,1.0,14.708956226970066
15.876145531773773,1.2,7.7699090666698165
-5.086495161841841,1.2,0.09896854771906205
-1.9811607945343255,0.8,-4.061690108041613
-8.141133613534084,1.0,-0.8159212090397316
26.415713225360648,1.2,10.956906343221233
14.826713866785575,0.8,12.073535170509889
4.253689189259536,1.0,1.5432729389324735
-4.314479408730999,0.8,7.011981594474685
11.782064418217065,1.2,7.286522187110543
13.636760602307245,0.8,8.808204760653062
21.58768254412274,0.8,27.0407788332969
33.64717447011912,1.0,24.856302970942934
9.572548868331861,1.2,5.796600956027809
8.271539296746617,1.0,13.833292631063626
6.646850206555513,1.0,4.564643543698874
27.211575903508745,0.8,13.33515336041031
-2.9657250370342956,1.2,-2.8402307998888805
5.471580663579024,1.0,6.9467043072871615
22.62368621939259,1.2,15.1156269766036
-9.293727909589908,1.0,-10.317037098887504
3.0221325622562603,0.8,-0.5333857669882436
18.86512232396194,1.0,14.04498237981131
-1.632155589963789,1.0,-3.0384566460588083
3.6219756105922034,1.0,-1.274196849617888
11.872028351745314,1.2,8.117233427049634
8.991060468635922,0.8,5.731255247900934
-5.228776452007952,1.2,-3.7343246496598317
32.22058950150347,1.0,25.947226414049155
-8.006827573805825,0.8,-3.9484668684959177
23.73842403902681,1.2,34.66201414208067
-6.785975300897914,1.0,-10.487546135311554
11.028311136128572,0.8,11.426536205994603
-2.106491875506504,0.8,-5.740209674298184
-3.6505991606983628,1.0,-0.6730917832084458
-4.334591055622371,0.8,-5.737183189151809
10.375398651290407,0.8,5.477141490061706
13.196820922428152,1.2,9.538345000207185
-3.9976977905722055,0.8,-8.026558172640016
34.07280786198078,1.2,15.957895886121445
1.5994649088000408,1.2,-1.3682189827962337
10.647860282125244,1.2,1.6970828096132964
-0.26786990791413956,1.2,-0.8122655499354354
12.226519045229551,0.8,3.794258062292734
24.02074621093319,0.8,17.175313035008102
13.449590643252286,1.2,4.345909852555374
2.8541991823124846,0.8,4.48121598348963
1.1778473930272142,1.2,3.86805861208766
24.152048280217407,1.2,5.77048918195864
-4.679282092318153,1.2,-3.668138623403303
6.648492248264127,1.0,3.7739353654090664
-3.183277750575159,0.8,0.5354203853254236
1.6089123182516865,0.8,0.4226095431123693
-3.1292545381771513,1.2,4.84494435801537
29.9047628844092,0.8,16.276111333442852
22.935688955586436,1.2,14.89541716311413
15.24172607199176,0.8,5.459995768819601
0.09913501229898891,1.2,3.5499662612371177
12.96020722396377,1.2,17.362051641500205
13.437494290140755,1.0,10.351673959517395
16.56816765442578,1.2,14.999161200560753
-7.296167924977085,1.0,-4.105831372520781
33.780588703851784,0.8,22.31152437208288
10.944753677014543,0.8,11.330219957706863
31.693929834459645,1.0,18.074208021502734
-9.558634837871065,0.8,-4.353072104374649
1.1401278035889,1.0,-5.9053723580402195
-5.320199335899897,0.8,-2.0220220367737864
24.632727980964724,1.0,16.142481355100788
4.405627231762004,1.0,-0.6234011972993105
27.82216287870861,1.2,8.7606667695
27.457341457213566,0.8,15.038429123102775
20.050765676295644,1.2,12.378712437815595
19.96018115947897,1.0,4.243234373541112
21.507186143291076,1.2,12.157451529277413
20.319372558339854,1.0,12.609324072213795
7.410876095795707,0.8,11.111956543906789
20.727244005584566,0.8,8.781026326599317
30.383313613656135,0.8,26.423765382142573
4.965807134448065,1.0,3.7523296713921734
32.52000617967291,1.2,11.450290428645102
-9.388828544555363,0.8,-5.545342078435317
5.708714221935672,1.0,-1.7098747393015064
-4.05557192220669,1.2,-1.663975422530401
-4.302107692973935,1.0,1.1912782385688692
26.69432723052057,1.0,15.68810643508067
31.32657416375553,0.8,10.812660861611555
24.999121440484352,1.0,7.22709545755594
33.94770735466519,1.0,20.070798884977595
-0.2651963425178181,1.2,4.287896728587492
-3.664003950563929,0.8,-3.47665445229949
13.431670191782608,1.0,-4.972525814354352
27.306692663417806,1.0,8.861351197202705
-8.207240912287313,1.2,2.027881387164739
34.80045474499469,1.0,14.707575934570407
17.101066814239527,1.0,7.814373282608458
34.05238154816198,1.0,20.792889040969172
6.428673495519963,1.0,2.68298670372487
10.611071924011515,1.0,13.292650266121399
23.856264907882647,1.2,11.26094983193711
25.67152027525934,1.0,9.532492746896214
0.48648740076081154,1.0,7.15460471546827
31.84104888384752,1.0,17.159554908841045
29.034040482562787,1.0,10.125030998596346
-9.180761360356065,0.8,-1.431258816751214
-4.214435236516762,0.8,-2.7788534356809196
12.324369788318034,0.8,1.2328651086675384
10.74299813509322,0.8,6.647077932443325
21.877588476567592,1.2,11.348311726471238
-5.962988077613469,0.8,-10.618588438200321
19.018488801370694,1.2,5.4126244249817255
17.736646901056208,0.8,18.995051782834338
0.5128819315119966,1.2,1.8629888275412543
14.407728392077978,0.8,14.73721657801766
-0.0006756851808127351,1.0,2.543753158247385
-3.3884637804727147,0.8,5.291448030933836
15.791072059433173,0.8,11.47427920026767
33.986342523525664,0.8,13.061526393826268
0.6620007127285259,1.0,4.365125918570954
5.990126720981836,1.2,-0.5688224195314167
1.5457951695521022,1.2,6.61974276227256
1.9906919740922628,1.0,3.083966245842487
8.18864603840063,0.8,4.9881856383947465
21.583497979277904,0.8,9.399093836540215
-8.253796418607468,0.8,0.6653183025377034
33.07058880585021,1.2,16.947031007507785
-7.917405422983863,1.2,-12.308178553217008
29.656393187505188,1.0,7.256939509366045
30.247014444289952,1.0,9.77714562909255
13.60201344161855,1.2,11.92190777270511
-3.8351427121464647,0.8,3.1836815765167854
15.431568675062472,0.8,10.140772964163972
18.288447195628237,0.8,11.51626757374965
28.599153101320006,0.8,22.33024973661037
14.790291909630636,1.0,10.1093879152153
8.481922815650218,1.0,8.431509235336641
27.723103723435123,1.2,15.007815178292395
34.142830880867855,1.0,15.766140370460125
19.029644232107,0.8,8.913647464800992
29.34741667862643,1.2,26.127552435755796
16.94308007730789,1.0,4.037947225880223
21.040459613463756,1.0,13.091787783798328
20.967520289701344,1.0,3.9068158558808204
21.715414407811938,1.0,8.805124452431336
4.445604976788513,1.0,7.091932918223764
15.904762832227053,0.8,-0.2974282382382274
16.736101278820794,0.8,13.691747079281981
4.178223202095438,0.8,13.126829648244048
5.743356546664865,1.0,5.69748085742499
24.301104425752165,1.2,19.660122685591183
16.22257282777621,0.8,10.151476808177456
-3.285498341657414,0.8,49.972675121153955
27.693664490729255,1.0,17.11566354528458
29.74014291834439,1.2,13.51979242085426
10.976351658101635,0.8,3.2897627410868235
-0.5991655589682878,0.8,6.40770250793826
32.642292293220734,1.2,17.310076856490465
29.702130403380934,1.0,15.142204529219788
0.9971785853827324,1.2,30.8193684743067
-5.6982818663786166,1.0,-0.31710708399182064
9.829412339709805,0.8,-0.2128963944390554
20.43786439221828,1.2,10.50821423828098
-2.107513665102518,1.2,1.6990395867722248
13.094569629428662,0.8,0.9518565857079428
9.14369724226325,0.8,6.4180072606603416
30.074801694625954,1.0,11.549268138426669
9.330498476320788,0.8,7.027436549741471
14.019937718076694,0.8,18.602528693605198
32.987878820082,1.2,17.08962206567135
3.4861294643554057,1.0,-2.6501029556149245
3.004591937387362,0.8,3.4877145688342392
25.981778597391923,1.2,16.561939861107483
2.4892543764785895,0.8,-2.6399877291955143
27.433964153294227,0.8,5.924581945794213
-5.700897578725977,0.8,-6.719745627006652
-4.993243871073922,0.8,-1.938380352923652
30.559551837324726,1.0,14.003208200516326
14.336552711709587,1.2,13.755746107633893
22.346642001240745,1.2,14.958886369047782
0.1380001338144936,0.8,1.3789285117210275
-2.517653422805127,1.2,-8.783622807788007
27.572941800468804,0.8,17.73848292951373
6.1380533160461965,1.2,14.164912996568443
10.476467860489748,1.0,10.549765852317512
-8.741264622608846,1.0,-6.659105621613447
7.36463303868349,1.2,4.200554721011883
24.66970136562403,0.8,15.430250975323863
26.95738297787762,0.8,21.211997502158525
21.443965499714384,0.8,7.993227075631282
21.1480880094684,0.8,9.046473280233482
12.780766996872106,1.0,7.174550728689809
14.224819816692037,0.8,7.258996350385074
23.418428606591455,0.8,16.471012156501544
1.1285809472475279,0.8,2.675778906975587
0.41826807107251973,0.8,-5.976749750476392
32.74661707613246,1.0,37.48492468394601
-8.753955095855108,1.2,-6.316963912648065
-3.7240541350668313,1.2,-11.736610589982039
15.664959179056162,0.8,13.280662953119862
23.202567741425682,0.8,13.063409084076525
14.205098734325528,1.2,5.599152653272877
5.9778798274197875,1.0,56.78824332780409
34.00892537088354,1.0,19.511109701309273
21.67337083097806,1.0,5.406079605681168
27.41258784801856,1.0,17.754256205041393
-8.188890661530818,1.0,3.7703697388504773
0.6164049713022663,1.0,0.6087187105638726
6.8376992116211035,1.0,4.083603641638562
-1.7829370862974887,1.0,0.6473323274145149
-6.719532728088376,1.0,-8.449237747125498
0.1291249067606106,0.8,1.5716611962387732
14.013603405666917,1.0,3.5493149055919515
21.308536176051735,0.8,11.421639975921678
24.830941533428643,1.2,14.444928420419611
-8.067873030952732,0.8,-0.5799880292212718
9.259377749566603,1.2,8.667475926840313
-4.500478738658471,0.8,-6.088698683489527
9.404017390010232,1.2,6.8400755520892575
9.528913210413279,0.8,10.344911921122751
12.419525902050967,0.8,1.2428459555005915
30.177378181845775,1.2,25.014205447632513
26.229297618084026,1.0,9.252547179387095
18.65243803113763,1.0,18.46343378139358
29.84332953200888,1.0,11.147474281986817
20.53108774270805,1.0,10.984441877083217
26.848473234338385,1.0,13.459711987054948
15.370023544285697,0.8,1.6509897965804292
13.634821323390529,1.0,11.308379161095047
22.58437592475731,0.8,15.839859873700611
-9.113980961091201,1.2,-0.25828354301289114
21.066990723414055,1.0,10.291102242382179
32.05331982819641,1.0,13.51787837692211
22.12739359220393,1.0,17.559479210383227
-8.344282406625167,1.0,-2.1049212089778315
7.004853834772575,0.8,0.5209936700096458
26.431158602207873,0.8,15.088264415286487
33.1373847519989,0.8,8.995177938758784
6.657351003636975,1.2,5.067608865756317
27.853732514460866,0.8,18.00573713367482
28.871444388568086,1.0,14.538680225959748
-4.45211203032775,1.2,2.5284780337355457
28.06048100234093,1.2,19.296342862009418
4.5912453037376775,1.0,4.672200435602704
16.69569747044378,1.0,18.188198742523845
14.253295371038945,1.0,56.98082640246976
19.837423868125427,1.0,14.055375155133788
23.32090929251286,0.8,14.236093269274514
9.839649392836105,1.2,4.8379716786205
29.973986996710956,1.0,12.751179889647679
26.427428970270256,0.8,18.001143333019993
25.34394916915369,1.0,12.676208779496527
10.62110788704313,0.8,1.0400992526330475
-8.309220136992543,1.0,-7.1654046170690195
12.1515382870525,1.0,3.724819590596222
30.430049036488235,1.0,24.98278615437462
-1.4297429976616503,0.8,4.324267771507864
34.216661240476455,1.0,18.279709783525686
26.34607790059271,0.8,16.042789864332555
21.942340652692916,0.8,14.421319955663492
20.472198106504433,1.2,7.093142031492609
16.416164687019318,0.8,3.170246757788121
22.43016454621094,0.8,17.272794829036844
8.985750029869422,0.8,21.128547875782438
28.037964860905838,0.8,14.731819959537587
21.33556802428764,0.8,7.859141567801743
24.70639005707971,1.2,14.658146267285106
25.661933997469077,1.0,12.565706592075244
-5.856847943099385,1.2,0.9414880586110852
-7.496165229051793,1.2,-14.103901837902047
26.044364081813114,1.0,19.62553315885817
1.672280946721079,0.8,5.313059456202257
16.18864133803164,1.0,14.152047473288697
9.96698848485438,0.8,10.265431283198858
-9.008235834956459,1.0,-1.9351274337939341
-8.187343382517783,1.2,-6.100417593247437
27.22063590254581,0.8,16.602475581109736
17.345490266992574,1.2,11.32042931671553
13.57293854315802,0.8,11.969279845571226
32.49584375622876,1.0,20.35617118745473
-2.2098238332019813,1.0,36.161228695926376
1.6086877846459338,1.0,3.969985029434661
24.05325852060323,1.0,15.63528034628463
24.885585258106822,1.0,18.884443042647934
8.220373839762399,1.2,13.989591417332093
32.7940295589692,1.2,20.582425359159345
32.22145599718268,0.8,19.54259367419069
-9.441562822292822,1.2,-4.635763268663617
-2.245244394667373,0.8,-2.0392130204407835
26.909874875774207,0.8,10.62582528988057
5.084750817170374,1.2,-12.256427403232507
-5.704179458507722,1.2,-5.8481522868758065
25.324962849061258,0.8,12.59883427214161
10.456257750884426,1.2,4.896826088512173
12.158485402191733,1.2,9.562263593860035
-1.613377503272293,1.2,-3.6267964769417507
19.74027742725175,1.0,7.070119827552605
14.805859315517797,1.0,-2.1655922919443515
-0.6997177994915891,0.8,2.8072885780384134
5.314917879764305,1.2,-0.5817183042604448
16.859567930127742,0.8,5.64975091832955
31.61925149450346,1.2,19.83336252303619
31.416935764467127,1.0,12.29481729962706
2.9557656978867346,1.2,4.5795708061771965
23.10294399919482,1.2,8.881184377130387
24.898358623571426,1.2,13.543558061090168
26.397039499225762,1.0,11.150260621076994
15.684302813816604,1.0,7.510677839038588
-9.52714008551855,1.0,3.7948299759558726
24.275432845081184,0.8,4.741277734310236
-5.2031147576792485,1.2,5.710496167543827
-4.7407876200819175,1.0,-5.964271261097476
17.25311611907687,0.8,13.771966925868341
34.25842344613857,1.0,23.4657964989431
0.9142762969609919,1.2,33.77467712922064
19.06148960230434,0.8,4.238526741712127
3.6644140581920457,1.0,4.194355447313971
30.442675112473836,1.0,29.019148807853288
16.708260145123884,0.8,9.21030857876259
-0.6635202554588115,0.8,-0.03584393621412085
1.7958972700442732,0.8,0.7126659814191283
9.461632868815443,0.8,8.108633269773867
-4.508039708658428,0.8,-1.8899240459918725
-6.456998428143326,1.0,-0.8055466656056542
20.602762808658024,0.8,9.639764627778188
8.322427794010412,0.8,-0.22001045951906306
22.68016063416247,1.2,24.15042582050263
-5.047380980307033,1.0,-2.0069469981168706
17.443949655549307,1.2,25.913965794234073
9.948805701638321,1.0,8.098979081053752
-7.390060549433715,1.0,0.3048807381609362
14.51608902241896,1.0,6.711621663600706
-6.27380763784544,0.8,-5.301690425798359
27.24738865059536,1.2,13.390343729978984
18.438085942551297,1.0,6.057479651103139
15.063539019220176,1.0,3.9083654178556024
-3.9938947988653437,1.0,7.926057877636673
2.935570107683734,1.2,6.666548082181269
12.17941537108847,1.0,14.580633307314566
18.497758113785963,1.2,16.07337750508557
-1.7546176566029992,1.2,-2.6841666508113766
-9.601017483986947,0.8,-11.698937909515688
5.514208427118302,1.0,1.456388360074965
11.72921545503096,1.0,7.323766822573545
-1.7004922481438633,1.2,6.0714694682246515
12.147447763484262,1.2,7.0007006433497585
5.231863635617092,0.8,18.24776079368863
10.479034974788348,1.0,4.076037534544906
5.635598776036728,1.2,6.973087400259322
18.281053240406006,1.0,7.147572161224467
-8.069634505289274,1.0,-1.0034053235329154
-2.30926195250769,1.0,-0.782498133281102
9.473789109994982,1.2,4.693589768767966
6.033352199833551,1.0,0.9227155854378184
7.623438017921767,1.2,5.749431041117066
26.16923126962159,0.8,18.065480267149024
29.884924621131454,0.8,10.86713048953965
1.1900952573906523,1.2,1.5521826538349193
27.637597712883746,1.0,17.284469209720058
10.645543938066101,0.8,9.537227507398095
2.3219278678799373,0.8,11.276103169858846
34.345523195210525,1.2,21.26615382785645
27.11608061453753,1.2,12.757929821093214
34.74139935889412,1.2,15.730691887397047
-2.431414700728541,1.2,-2.9169982221722233
-3.5270796723463604,1.2,-3.7434237191826814
12.652007882490768,1.2,8.604684034282338
18.738969201554927,1.2,12.672235824326286
-2.3022958359991765,1.0,3.9715761589343463
28.719380063984417,1.0,18.684663665168397
13.940606539851352,1.0,14.200839043147598
8.492382494929135,1.0,1.9015870281677474
17.09241528171703,0.8,17.528628569024505
18.572917083753016,1.0,7.138179050177692
-8.074752355729263,0.8,-1.49771438698831
34.99517000172722,0.8,17.323791605947783
6.376380956201398,0.8,3.8687115400528707
-7.2305808890546714,1.2,0.9461533715589598
28.354542864898185,0.8,7.785170585855229
34.68584056455405,0.8,13.989298967007908
26.73613291472406,0.8,17.91420013359669
28.33471204369306,1.2,15.356592940890437
18.167080139875292,1.0,8.800450983362499
31.50465101994198,1.0,11.147622701654104
-8.39176517226396,0.8,-4.643936647783129
24.50257383293905,0.8,16.456021624304373
20.1819602750334,1.0,8.273614541788373
-7.768676326419899,1.0,3.935978571082216
14.47881105394157,1.0,13.623830180983912
13.17771555910413,1.0,5.838593256958208
21.11904012846395,0.8,8.38777640028217
-6.511086477587236,0.8,-16.277934916664805
26.237545339778542,0.8,8.53446746018244
-3.72684510948229,1.0,-6.555104237540595
8.83990760578427,1.2,-1.5348783517813427
29.65796033757362,1.0,15.649097780403766
15.223922247297338,1.0,10.172363925279233
7.081591118963043,1.2,13.814072270848836
-7.830899107937345,1.2,-2.382996246965201
20.252308274077475,1.0,0.9583851978137812
34.39460443880528,1.2,14.65858206271939
31.030837944127228,1.2,19.76824034977512
22.278323490804254,1.2,11.93209801084377
-5.261821378482473,1.0,2.6532293587308304
0.7748042030177373,1.0,-1.1813427663139802
-1.5917941246020835,1.2,6.164289535023671
5.995773811504039,0.8,5.028037276840751
0.598275250619098,1.2,2.8565255449674343
0.9997750687261941,1.2,2.4496619722113016
17.752847091893255,1.0,6.050642944390955
4.341619518262256,0.8,2.6848569849270083
20.472329441261287,1.2,12.904969308397495
32.65503466157812,0.8,10.124244287574527
18.731506247595757,1.0,10.763724387615481
23.824550474466704,0.8,18.78666482972603
23.821118687727704,1.0,15.079650010714467
4.881625477968996,1.2,10.477263487831
-9.326890243295402,1.0,-1.6248085051185095
-7.5228416652603505,0.8,-7.449575320467014
2.69271128980513,0.8,6.1001544490905495
21.02944326459191,0.8,5.60959104078239
30.800741239173163,1.2,15.558184670945803
33.14592179858358,0.8,15.992979112705665
-8.836810127196696,0.8,-7.009797042628014
34.553926053474704,0.8,29.971799136009157
4.51237482605122,1.0,2.892960872800147
27.93303027058019,0.8,23.81682368798676
-1.886704268644884,1.0,1.7746002682425361
-7.169578407691336,0.8,-6.889398257479329
7.025994082820937,1.0,31.759862694618256
28.651642483881183,1.0,15.133414602873836
-0.06287878549827752,1.2,-0.5404810206221227
-3.071920341167102,1.2,-1.7057212775349813
30.941194802758574,1.0,19.33931720398544
32.22517411796566,1.0,18.93943733115284
-9.435331036499099,1.2,-0.06769690459590372
22.734608183696672,1.0,20.000726979477584
3.9143481438196996,1.2,0.7997449080076553
6.86169664852353,1.2,10.20031124690189
11.109633872817046,0.8,13.32282658288048
9.205593657853377,0.8,11.872300796612924
13.173820324194736,1.2,-1.0127438899384815
16.206277208300733,1.2,18.291571256464707
10.95179771770659,1.0,3.2939039535759425
21.57035932202829,1.2,2.781818141931886
22.337074827896387,1.2,21.23408786787823
9.816163884178781,0.8,8.275103782959167
-3.5891583360801143,1.2,2.1789454944800797
18.82875145940552,1.0,8.754013950142832
24.7830520557819,1.2,14.502015590375837
18.714928454177738,0.8,9.46088162285667
16.462464463106702,0.8,5.91021817740539
0.32353960555728456,0.8,1.07672403978228
19.03116683686662,0.8,10.881274454922307
5.068529655929538,1.2,-2.87390521501879
31.380148826597825,1.0,16.968235040729482
19.417404174199135,1.0,1.7710777277634673
2.5180854518736204,1.0,11.860799736522289
11.281710921376856,1.2,41.19881425063998
28.096157414826997,1.2,9.890601780754587
5.095877803219137,1.2,6.314029905057611
13.64482565685715,1.0,4.088915897718613
20.585148796318514,1.2,11.34628771744573
23.953820247203375,1.2,15.454415879060958
-2.174852122086481,0.8,-5.37087997705634
15.43185371047801,0.8,18.264473482424677
31.048995522329065,1.0,26.74907010507543
33.576190167936225,0.8,14.960828452775722
19.52652691517112,0.8,4.946632553561823
34.264736187199354,0.8,15.282327283112478
15.683086203926337,1.2,6.658772683483244
9.917226340141998,0.8,11.31036563988015
14.821435652671067,0.8,5.647151976559468
-4.792942258141506,0.8,-7.404777115419382
8.077216385842451,1.2,5.746475720782512
10.62822738637379,1.0,-1.1401542685537205
28.188250942444014,1.2,20.634100803988908
24.139186673410123,1.2,16.269556746533713
17.064196335116034,0.8,6.332650158388123
5.627475569432146,1.0,1.3601321573377954
-1.5834436438304316,0.8,1.251953548445808
5.649425941158256,0.8,-1.8905192668026052
20.591183193160933,1.0,7.356113068191242
1.8367009588264906,1.0,0.7912849950697869
9.209901306912467,1.2,-0.7889625348964522
7.404660569675691,1.0,2.4306372862596155
24.45155287059771,1.2,8.060481839732475
29.770417801706493,1.2,23.216204702449918
21.47169305649396,0.8,9.518667998067805
5.372101741986537,0.8,-1.2480693990798573
9.492967203914926,0.8,8.918731559038381
-3.5492430675825357,1.0,-3.9170508312824985
-2.4356148505025574,1.0,-5.730235944098608
-2.606834461306825,1.2,4.334232364636315
-4.1236139097410405,1.2,-2.477514645533703
-1.9188447170891418,1.2,4.445684162584595
-0.8790308839739076,1.0,0.4852152030050441
-4.966932529106519,1.2,25.665360815086096
18.811732484790216,1.2,13.421760190793265
34.56806905619898,1.0,15.109897726215154
29.563403509351524,0.8,11.530628920620291
-7.94787742782612,1.0,3.035245316393007
9.037646413852617,1.2,8.613419739858461
28.66897606547475,0.8,14.796998121488269
-3.9396331903601602,1.0,3.0086879669377273
28.144031599341922,0.8,17.572814344021662
16.67152870270547,0.8,13.852278686447015
31.908434866825033,1.2,11.440044719010448
29.421760141899135,1.0,15.389984869104577
20.46654449264229,1.2,17.082287246279137
19.6020196942713,1.0,19.18714522732057
-0.40761089236413284,1.0,-1.8834966802486632
-4.746116477889616,1.0,-0.5772313148894959
8.692704348595925,0.8,5.243031267221104
-1.603898222809386,0.8,-6.2228551899556726
-5.391247704500847,1.2,-2.933422884370489
3.6047029972802083,1.0,-5.091111894992258
28.722047425849183,1.0,14.524415666318838
-9.228333069173745,0.8,-9.004260918510013
3.1686956774979045,1.0,3.4339217461597706
9.082348334652153,1.2,4.191688065809934
12.975638732687894,1.0,5.858743967435831
-1.8290121227654836,1.0,7.85260137063172
33.3899089927114,0.8,17.84900034062396
16.04928696074853,1.0,18.41575540747865
13.494974617566982,1.2,10.17934497486188
-9.602983498134648,1.2,0.47627255056309004
11.857192072820318,1.2,2.7809841943880462
27.695178325483283,1.2,11.579195948085992
-0.11599556269407785,0.8,0.8283216149484962
5.804340577388585,1.0,9.967546472294208
-9.0742840890537,0.8,-5.551912150296514
33.96173814052079,1.2,11.023607614115168
-7.0006691292381635,1.0,-0.5103827718835805
30.419950575930628,0.8,16.329866839365764
4.08444713812046,1.0,0.2871731823743353
16.440038089364535,1.2,7.554700109863301
20.569199298470153,1.2,7.129231294758867
-3.6626874655998467,1.0,3.7881900235139385
9.969172000115098,1.0,6.1012064850141785
4.645974511098906,1.2,4.725374205007341
-7.45288904775406,0.8,-5.90857698491427
27.49371444769313,1.2,21.627993471969596
-7.967450957613503,1.0,-1.879742044083249
19.396608176774006,0.8,-0.2073744914625255
4.133481938893116,1.2,5.566648943482065
-1.3541802759160024,1.0,27.11149395856921
20.01887231009954,1.0,10.18971071456406
15.854197153679262,1.0,13.895553337304406
4.186531581867344,0.8,3.336123880006131
13.083233671665763,0.8,15.903328460721262
1.0806695542794245,0.8,1.8683004678949158
28.86634065512115,0.8,12.90008527276452
4.121845114722271,1.0,-6.005517180760751
1.0318863298189136,1.0,31.588058684807
23.8325169976843,0.8,11.10503289399635
-9.20833804027383,0.8,3.5272718415592648
2.060527943873389,1.0,-0.2725076816278542
6.892784929302792,1.2,12.856452432855168
29.700708280612183,1.2,10.308803883460644
32.76988111467549,1.0,13.522600424240382
22.24150851112774,0.8,17.55563919231286
12.16393014543469,0.8,3.906354967681323
18.82796970759599,1.0,15.910128082266803
8.630047325659987,1.2,1.3835160773828745
3.447162433190053,1.0,23.552686584918362
32.780963066283284,1.0,20.599726202926476
-4.8074396945534295,1.0,-5.465226590689378
5.587710562254905,0.8,2.2218335532018534
30.45900319822669,0.8,18.00339472756076
22.541364376433762,0.8,10.80765354243011
-8.690434690466054,1.2,-5.958109358481945
-8.960514695908879,1.0,-9.51639687785109
13.243060818105857,1.0,14.868173448811344
11.791387530350974,1.2,15.276254974251863
9.934619239534321,0.8,7.413987934127617
3.6054692827554007,1.0,1.6421488966457307
34.39874239161376,1.2,17.513512400667874
2.2394295342521655,0.8,6.080679307807081
12.051809289825286,0.8,11.984814773132339
8.220189357037984,1.0,2.4093304042572514
-2.3387758317216063,0.8,5.003652952805374
-0.8821531393624635,1.2,20.256136280411166
31.323623390439778,0.8,21.747930404062974
28.622587528517982,1.0,7.30240903888714
-1.0430062380841427,1.2,-1.4175204697869501
29.404818075928112,0.8,14.637901953473673
-0.5866241463620856,0.8,-1.8380805552401196
18.19458447864637,0.8,19.483907210010216
-6.3423764505687785,1.2,-4.020526410868721
29.61663318166032,0.8,17.9502786920048
-7.682486524053987,1.0,-2.0770436834057247
14.97243001630115,1.2,7.2350790200243695
25.087018633117324,1.2,10.200308178528683
-4.742436861519346,0.8,8.708024230246478
8.201612037508482,1.2,4.1914443773433625
-8.112243182947745,1.0,1.3218013206343882
20.723865980298164,1.2,11.513691325395138
3.835231773260837,1.0,0.6240075787146666
15.172786008731151,0.8,8.92785089164107
31.972952168916272,1.2,18.72704466767309
3.763614859767907,1.0,27.012074358171173
-7.811763776412503,0.8,-6.928984979031215
20.403249546441515,1.0,13.582494818242829
25.407851053137534,1.2,14.485761851417568
33.10408519449092,1.2,14.491753528976373
-2.898960533845038,1.0,-5.14165699070955
7.646296630226743,0.8,6.36954248869276
27.98632070114637,0.8,5.202757026449888
26.309212697099575,0.8,12.651607205413482
18.11580683002381,0.8,10.533345032765276
2.1215845341212276,1.0,10.749154181597248
2.781588079284992,1.2,2.6431998388587217
-4.419865241913586,1.0,-2.7158894083498972
31.483415320365935,1.2,18.36451191681067
-2.2180818412249597,1.2,-3.4917446990661176
15.779897053095787,1.0,7.795267343556505
16.29581376419508,1.0,9.294417022686444
6.632244853787096,0.8,7.263684216228162
5.863330745245481,1.2,0.7666644212000726
20.086478835122584,0.8,10.814620263046235
7.473400007684255,0.8,-4.418377602952218
1.480192700210031,1.0,4.323498945968252
7.96092660800139,0.8,3.628263247966413
26.34479349494957,0.8,23.393980967357336
33.49153048090335,0.8,19.302441995780708
18.617760370423017,1.0,5.973922315013353
25.194555146784786,0.8,7.928848262336448
13.977118759067459,0.8,11.097059035720038
18.1170413942047,1.0,19.040677366054453
34.46389955314519,1.0,25.6827685623713
9.728848911586017,1.0,-0.19903178186337733
-7.018538637061003,1.2,-1.2928018035829936
33.065311301870956,1.0,23.16775694604072
25.687777440659644,1.2,7.338090159292442
7.9239665538607085,1.0,10.148819475750956
34.207777413024594,1.0,14.589948977097684
5.549108765688176,1.0,2.6971897040306514
6.745408820361291,1.2,5.955866432012851
17.437910893546434,0.8,56.39381076417142
2.345632376991052,1.0,9.83235033607431
21.435716830882974,1.2,10.303192042618257
-3.1217363222272336,1.0,-2.9590668901099355
-5.138860628883092,0.8,-4.500572158029122
14.069510340387001,1.2,12.13267640100868
14.997215707748051,1.0,13.476386837050079
-5.200521866663922,1.0,2.871808246341375
33.3879317509018,1.0,19.042912474920314
15.797899592318768,0.8,10.5411849406406
-3.2034253376383255,1.2,-1.55355675521809
4.014913594953455,1.0,2.321933087024547
26.01053962699232,1.0,18.275137515886264
13.545418753948933,1.2,9.294169103550125
-1.5333243154049985,0.8,-2.3324924803370477
-5.371796257218786,0.8,3.610734928694832
9.384848550686815,0.8,2.4532464527342137
5.183661890889539,0.8,4.120319855780879
19.516280861688806,0.8,4.358034282767864
31.636114412802442,1.0,12.089052548405984
1.1478628598371454,1.0,1.6694583063785928
28.48552699772803,1.0,11.76154739665903
31.420789030034022,1.2,15.7646412198688
30.590116976145566,0.8,22.161408393007306
32.84347984754459,1.2,16.997958131826778
27.894887995817385,0.8,48.721148549492554
16.706870242850158,0.8,5.249872553811227
8.443074441960885,1.2,8.166058890877581
12.125950371519707,1.0,2.062021546235032
29.267547869491338,1.2,14.584869008832575
3.5629269837732096,1.0,5.728933538724949
-2.833223754650753,0.8,-0.5528257320484545
-3.6631351839792172,1.0,3.879936021522433
27.21475744572502,0.8,17.744949899848418
24.2668558848544,0.8,11.39140219573347
12.394040347085369,1.0,13.681762037597526
2.3692142641468923,0.8,4.166132486057403
20.49259289941751,1.0,10.027850334999865
-8.270510615538859,1.2,-2.206424406300732
15.570251704999762,0.8,9.039717106781486
7.929132593275863,0.8,5.77252792870395
34.00368352153858,1.2,17.49304513604727
12.84021120997367,0.8,9.082744186513434
14.852048860262052,1.2,12.575122947692211
22.056319854926862,1.2,14.355979535006679
11.8042316506541,0.8,8.65975815629749
0.10558786745381354,1.2,0.749398636841583
14.177503094680162,1.2,3.85834010619424
32.49209919008242,1.2,11.799327421047531
8.445994467581233,0.8,1.485115550584513
20.583842974985288,1.2,9.401901657453962
34.011538499855824,1.0,26.364726198501
27.34650408425707,1.0,20.93155976949521
19.656535988749567,1.2,8.061686821490063
23.119841974873147,1.0,14.808432401915393
32.14174616076838,0.8,16.532762040031482
33.18884469801605,1.2,18.974376172083407
33.60356586448981,0.8,14.858679731898263
18.15387326911349,1.0,21.285735786874472
7.312024243935646,1.0,13.97851073890493
-4.008109196966503,1.0,-2.4671421753821248
7.349660060318129,1.0,1.693184951546912
32.432995463102856,0.8,21.643860898659412
30.040868626657534,1.2,10.172088386256707
13.564684792829539,0.8,11.812082020261634
14.16532789672658,1.2,8.90999384065598
3.9014157317736284,1.0,-4.219778764095536
10.452855053171664,1.0,5.467574961859597
22.15018222727278,1.0,8.79632113032956
8.109382654150636,1.0,5.863592550513597
-1.5407257565784764,0.8,0.31716858230582856
14.3386810471285,1.2,1.6327658158224398
0.14016101544475923,1.2,-0.4006369729653536
33.842940020567006,1.0,20.795071589532107
7.565296130537934,0.8,8.317188925029846
30.934923722410225,1.0,14.6521716214076
0.14992984716309365,1.2,3.5638181379945646
-1.4855947612400602,1.2,1.7891036241030254
17.76055080678818,0.8,9.41705678461398
25.07205852364943,1.2,16.055425292051662
15.504405373356906,0.8,3.926180542700033
0.3408057622366716,1.0,1.175254885244933
-8.294753670220178,1.0,-11.167073017563755
17.822996953595233,0.8,9.440871947546283
-4.103324858550327,1.0,6.073469594150809
5.442937416454905,0.8,1.9238409537678016
20.410313915205418,1.0,17.830357598853745
-5.5889451737680655,1.0,-3.312412930988603
-4.27368340972199,1.2,-6.360447206942141
-7.225020671166814,1.2,0.9144621544953369
34.82356080080719,0.8,20.531450610341533
7.418454587071157,1.0,16.304266964718074
30.760782548058557,1.0,11.483912691363834
3.2113537290926946,1.0,39.48276091291697
23.894115431322312,1.2,15.107273971824618
-0.14200226594294918,0.8,6.019922376322515
12.424611934171264,0.8,9.661300633234626
27.107708268310084,0.8,12.91346641301211
26.73504795027872,1.0,9.012162940782062
25.742632281320354,0.8,15.40443060303816
27.068048586734882,1.2,16.606127550952557
-0.48374734123543384,1.2,4.115206440864811
11.699732265217392,0.8,5.20269690000317
11.81921635687214,1.0,8.300365980240223
30.07261193065606,1.2,8.515549505763817
3.3601323229742963,1.2,-2.2661650750316404
31.91731520250717,1.0,21.6363051708106
10.285808133774456,1.0,7.042081707248171
20.140415142983844,0.8,13.2493080613365
2.0997400525700467,1.2,-0.7418886791941119
8.463414807408828,1.2,1.8044435702589547
21.94104194311132,0.8,9.652764660565122
13.073621383295421,0.8,8.525232831833218
31.88186052597502,1.2,20.57051754120112
23.170623465386484,1.2,11.539761458282722
15.398131647976996,1.0,0.40115367324935036
29.90013904934937,1.0,17.95525755392955
19.950037495493497,1.2,12.510279523353185
19.129421303919454,1.2,13.16057554307517
1.086709991643227,1.0,5.825845607070424
7.768563448769491,0.8,8.572074177381207
20.748664367180968,0.8,17.97840332262136
30.130627016742103,1.2,16.407402158610438
4.199636314021184,1.2,1.1401795612114434
-0.3031470125656881,1.0,6.0526306975779605
16.71631904671351,1.2,14.099939800067864
-6.976130585377909,0.8,-3.852323760894884
22.15437656525023,1.0,17.606617402012056
21.641234447936636,1.0,12.193259590523786
5.973471394376979,0.8,10.168350782134794
30.170494400520575,0.8,24.531322916641365
12.598151369260737,1.0,20.504434433104656
19.059422781182157,1.2,57.92912027556939
-0.568968312774798,0.8,23.019933536888818
8.780315082200001,1.0,9.65938899023529
28.808789312139567,1.2,20.33920273016477
-0.4177203565445744,1.2,3.113299165632207
7.575846991661098,1.0,9.543446295002154
4.313444499265847,0.8,-3.9136990683478583
-3.200041681084895,1.2,-0.544230417305918
3.0373063157391,0.8,-0.9487546732594603
0.47475276088475304,1.0,-2.448206547557712
31.561713370759733,0.8,9.403346212692131
23.348546204425816,1.2,10.2407011369963
4.224571180227095,1.0,16.592988804931153
24.350257395921943,1.2,14.29667524532723
-9.003702113475788,1.2,-3.363993448836319
13.693611984701299,1.0,13.108499536763137
1.26505536806029,1.0,-2.847484590936096
-4.855506768616863,0.8,-11.346037022889542
29.769133775231985,1.0,18.541819881239007
-1.0296759581842334,0.8,0.05152010534313392
27.0075991825827,1.0,14.166345223204441
8.595020487129705,1.2,1.933585849921493
-9.356915348168485,0.8,0.6672275069878433
22.963977318546135,1.0,10.38666493520545
16.836189119871555,0.8,4.800227840488
5.48773474255187,0.8,11.915172631410535
2.669567026681852,0.8,5.592653691050955
-6.683893643330437,1.2,-2.3427383836426614
32.36415176758725,1.0,4.9758656032645305
12.229319811143856,1.0,5.9375367828187295
-6.151396709075139,0.8,-2.383781789015869
29.09058729850117,1.0,22.863703659111135
2.547492776801752,1.2,-6.27614127550895
-0.8378777919405334,0.8,8.182345114952584
2.6421847253998436,1.2,4.705757983254983
15.40571563732001,1.2,2.8649435275682897
-6.667458197633358,1.0,2.275350080940671
11.679060910520441,1.0,5.620164870123594
30.308455030594068,0.8,7.644839946493608
-1.532278186924426,1.2,-1.7882368404394706
4.903494746850972,1.0,4.726282521010805
7.825488427324373,0.8,5.022430199875998
16.379932018726034,0.8,12.207356735419062
31.366441093684017,1.0,22.1703735910472
7.754264370909148,1.2,-0.41570614145239304
-6.888122169500637,0.8,-2.7485829370635475
5.657788764394658,1.0,0.7791062547314995
-1.4461564330069834,0.8,-6.167728638810787
19.32985154685965,1.0,34.551279585419095
-8.683205087470052,0.8,-1.3832716244450696
3.1368486982883024,1.2,5.221809871867822
14.532807825467895,0.8,6.090344996466173
2.480039272229943,1.0,-2.799325370882375
14.794787750536436,1.0,5.174245705753731
-4.8379455015767565,1.0,-10.80313287830284
32.42624695953301,1.2,11.466606820753665
3.0908063298449022,1.0,-2.9677116512908874
31.535037772544754,1.0,20.99404378904803
4.662594777686543,1.2,45.10898452165325
25.182808602784448,1.0,24.238812442097764
1.0784310857563835,1.0,2.740849707177127
20.139600607532053,1.2,8.85037017685194
4.567229622024522,0.8,3.143474049831076
12.912160814434646,1.0,6.609946604864075
20.321636559365633,0.8,7.8022218080344565
16.499712734133226,1.2,11.04946827328233
15.932626697766242,1.0,9.933089467135998
-7.044362395407222,1.0,-2.9350878757355376
1.2084574477216314,1.2,0.33278325238213813
15.732768043544375,1.0,12.025891360006122
-9.175725675292373,0.8,-6.556570953235103
1.2789914802190836,0.8,-0.5762978969633032
0.3133357744038534,1.2,3.732081542042315
1.2435249572375486,1.0,6.679161048926297
14.102427480499419,1.0,12.651902734239563
16.18821593086366,1.2,7.996176371236539
30.904909746776504,0.8,9.930717213579857
7.371397206179864,0.8,3.0382454506102112
31.696051271440666,1.2,17.41555267306363
19.33794552428766,1.0,5.097855965953347
31.06971781552501,0.8,14.794378617644066
27.506244575602175,1.0,20.788617516111977
20.941209953345936,0.8,12.008001204786856
6.024765478353174,1.0,1.3094336731855858
0.849970145834833,0.8,1.3691796202268627
0.007614598041449483,1.0,1.4225412135042856
32.847822685532655,1.2,15.757156934521806
33.135822940821114,0.8,21.2298106462436
22.6174118085939,1.2,3.3666962352204823
29.770819283441476,0.8,18.044215040573647
31.354827338557726,0.8,13.61167697617057
13.020028843369047,0.8,12.53853696195105
18.30768607813275,1.0,3.780631942813243
8.843952406409656,0.8,9.914856665932493
8.83208439283684,1.2,1.6697025302412278
-8.270698660992341,1.0,-1.5254197724005918
9.521965721816247,1.0,3.4359835093305797
20.30704151809325,0.8,16.589569419511328
8.989197474795702,1.0,4.539197759197282
29.258435459463044,0.8,11.813917906169333
4.965332858315817,1.2,10.678165153195781
-4.029307904761773,1.0,-2.4153951104994054
26.520141082807676,1.0,16.868980734675326
20.32765632478664,1.2,16.05905000874059
0.8818767044261815,1.2,-2.756525694936645
14.140306521900484,0.8,9.979884685869152
8.08335523672066,1.0,7.82760169769929
32.2486899396046,1.2,9.586955838781353
17.329944091428306,1.0,11.280268529115396
-2.8724832465853787,1.2,-2.0057902445178657
12.59668036866433,1.0,15.399257648989106
28.815057463573282,1.2,19.9381263093833
20.21735015146077,1.0,13.304058755298048
27.91034342443953,0.8,4.548530554518834
1.2679691239538133,1.0,3.8589145789801576
29.975811967139386,0.8,11.98303595983053
24.00250993208774,0.8,17.168897326392454
22.80111899471354,0.8,11.400972709484604
5.594348139358598,1.0,1.2017443695782881
29.944612869223768,1.0,13.789216881631642
18.709071982694745,0.8,8.303436685355907
28.33277645882611,1.2,8.630249942843392
6.243715519382231,1.0,-1.9582323851651111
-3.4456559021039572,1.0,-2.4002463749506435
4.955173109914504,1.0,11.253269945211322
10.486895631883215,1.0,9.815763815996242
14.003331881547158,0.8,11.821689909882773
12.986414707019186,1.2,13.679347867458432
14.572456659645397,1.2,9.891806234806275
27.87675943503264,1.2,12.854999227964578
-2.345443921532354,1.2,-2.027640840729517
4.2223082825991884,0.8,-1.2175399976499746
29.987382069595313,1.0,20.048731552536093
15.220619205124862,1.0,3.9290875570937756
16.252544166630745,0.8,19.377990326995544
11.512814507627851,1.0,2.241865424558589
14.703858574376259,0.8,14.266452080725278
-1.0864121247954461,1.2,6.798297256322656
14.609010473815772,0.8,11.226274486099335
34.872790756000256,1.0,26.539255809158554
15.472140781588294,1.0,7.754895847730437
-8.001889047728636,1.0,-2.359607322767607
25.83960399577969,1.2,15.241934636993845
7.84139429255244,0.8,29.155380667365307
-3.084573317429716,0.8,15.375958063352547
28.81339128020111,1.0,14.876013016587908
-1.0912035009264578,0.8,4.54557849197667
31.434532543634,1.0,14.857687467701851
9.880842069917247,0.8,15.53830349776528
23.4255875637365,1.2,13.552949866590913
14.614813265233423,1.2,11.080015170911215
1.5482061761852535,0.8,9.329084865151417
20.199057852316347,1.2,11.946693612432616
33.10606479005666,1.2,25.426315038454305
24.633663505613562,1.2,16.43256260584986
17.18080984588302,1.0,12.515808800762162
34.57826487196355,0.8,13.643326620176381
1.9397000304208127,0.8,7.302151029282817
-7.194633044074868,1.0,-5.629269969401208
-8.5541110247831,1.0,-4.208976835770038
21.980954580145923,1.2,18.486469526753048
27.360456413037674,0.8,12.646521841121984
18.5795241868037,1.0,12.028709491442942
30.726196884943924,1.2,16.29373654653721
21.40892213029642,0.8,11.409466728765825
6.6929590884059245,1.2,3.799180117944775
-1.8433768766553271,0.8,-5.302570447206642
31.609136535162037,1.2,19.730284100981414
-5.338128250113423,0.8,1.3015448811523636
14.434478168588246,0.8,5.107302019966172
4.130356637308022,0.8,0.6537349288318239
2.213675338385263,0.8,6.471793855280585
19.062568336260338,1.2,9.412345509711438
0.40566218259663067,1.0,1.6658168340546564
31.23642980340781,0.8,12.010228698774661
8.271975909460586,0.8,4.61862439611247
20.481890602835552,0.8,6.660051907390085
22.749007279786305,0.8,9.149624856365929
20.732376258139862,1.2,7.7452839707026016
30.653010840186056,1.0,20.64292354842116
0.40088886226991427,1.0,-5.4474926516923095
-6.127545489125446,1.0,-0.7303643555818842
-7.504043623072779,1.2,-3.6676440006314155
29.502986771376115,1.0,22.73280585137873
33.79791724726319,1.2,21.996308546530713
3.61369435421207,1.2,-3.19298341592315
21.208126560873616,0.8,8.601449247741133
-9.5989247122713,1.2,-3.669027721283424
-1.5115820447805497,1.0,-2.5594216206600136
21.01734721077265,1.0,16.050040268490378
-7.035078730814523,1.0,-1.667829742647785
11.0829522463921,0.8,5.3747463746324495
19.8162468968277,0.8,15.612610290331414
24.46811770874828,0.8,7.147266915370676
10.42171611759667,1.2,5.083294682151077
18.362781777335435,1.0,11.421386711447896
14.280903330292759,1.2,7.633879013368539
-7.64624025625055,1.2,-18.146146386755976
23.426210926693095,1.0,14.408223515141163
-2.2437137851581266,0.8,2.1917810889753273
-8.56875109447714,1.0,-8.347115383683718
10.302556232976752,1.2,-4.563598315766677
28.953691427667962,1.2,12.28816779944481
-3.212675305253711,0.8,-1.8237473118793752
-9.421410964736125,1.2,-4.063361031206757
-5.050934390556229,1.2,-11.160999482584952
6.364660144922301,1.0,5.198421903267878
16.10773414960867,0.8,13.998250772439402
-1.314453970634835,1.0,5.12680615206189
26.08838022601568,1.0,20.153406851487848
23.898370424708688,1.0,6.884317014362296
21.313862746941464,1.2,16.252242914316646
11.93614137419948,1.2,2.498967798146949
6.4347629810293405,0.8,7.963581258829629
6.901397943416484,1.2,0.9639421838195923
12.638174073007999,0.8,8.87920266615204
-6.520839090280546,1.0,5.415515514197566
20.703745829017752,1.0,16.016554559350702
5.817839480418593,1.2,-0.5024620466087164
0.11414500724098708,1.2,-4.437347772563356
2.5247181724387513,0.8,5.944060925803155
-1.8867571621201975,1.2,6.853960638716226
30.57056384875048,1.2,18.634279372025723
-2.393311763685203,1.2,-2.552520721538637
29.731675350268816,1.0,16.075187926468832
15.75095281858031,1.2,11.23769706667763
29.03529299249871,1.2,15.269868239576319
11.332889760748046,1.0,2.060041682907988
31.743517376648313,1.0,22.190451519139593
-0.48291653762424147,1.0,10.149972476080018
14.961128878127354,1.0,15.613338531654529
-4.337258926884889,1.2,-11.8244563618775
10.124912834106397,1.2,12.042366622656695
15.645666349107906,1.2,11.913831840554735
17.255384997792742,0.8,6.141286137788283
6.448795860827559,1.0,-5.586515209263826
-6.564896102509623,1.2,-2.650632312665299
19.48967321221937,1.2,12.76324442544781
11.979433720397502,1.2,1.6554424078326049
-3.840451001323439,1.0,5.241061911230418
32.11441862327448,1.0,23.097306501007267
33.00508979825495,1.0,19.842124527491396
28.547282592411605,1.2,8.609566127232121
27.974073523291885,1.0,13.676659423899562
-5.559792585937474,1.2,41.77194263046998
34.70390493121555,0.8,21.44065737415548
8.017130593867922,1.0,1.5134196055394171
-2.659549785979891,1.0,-3.09172838249354
26.544577769774953,1.2,10.848209073501867
0.15788458083760304,1.0,-0.33549978099609445
13.677889430131618,1.0,5.405498486331199
-4.239277065845365,1.2,-4.264289624532614
11.35905754741498,1.2,6.191440375462763
15.116367203132402,1.2,8.958141431992315
10.066578197810422,0.8,11.26855321080794
-6.873092886130615,1.2,-11.142907718554442
11.822256376224349,1.0,13.007444753700923
11.102427954836713,0.8,2.614635307218477
1.7729124780803218,1.2,11.38898986572195
31.472071984584645,0.8,19.902021163708415
8.800654971421526,0.8,7.937018288594913
28.88521082883733,1.0,14.922532131114599
-5.065127666495115,0.8,8.58255661781761
4.349477789278165,1.2,3.221713424621107
-2.0651115804381988,0.8,7.325931313387309
8.378485453168665,0.8,2.1165782898321632
-4.976349077310463,1.0,2.094793722240485
9.846566263052921,1.0,15.41418700768802
5.924183455170635,1.2,-0.07777584244201474
0.049177127330233716,1.0,3.4808894063709213
18.898073537764176,1.2,7.117162149919407
32.79101696665244,1.2,19.74382137084198
-0.6798936902685906,1.0,10.129995745017446
22.030587795430264,0.8,7.148198243739857
23.407140016553434,1.0,13.48361006886525
12.415423239163808,0.8,2.8353553295610014
30.395075574525514,0.8,15.351131220173935
33.487552972917804,1.2,21.04990824540222
6.3010903424232225,1.2,2.859703718954628
19.29649841014344,1.0,18.51781911704965
19.79956780550505,0.8,13.116502062609834
8.163598681362704,1.0,-1.535258646569308
4.255598352257639,1.2,4.9267718507946086
32.018488920251606,0.8,24.114833717234948
25.549169719070385,1.0,16.486655918426408
-4.849094531145514,1.0,-0.12074204254276744
-4.605216778680084,1.2,-2.5902684194567085
31.514424598377197,1.2,16.472078694234185
-6.3365605737884,1.2,-1.914071565459268
20.978960580942463,1.2,-0.5402158297843318
0.2041211124985267,1.0,3.420553196336889
-8.41665957662716,1.2,1.9751594294098815
-7.316310426395941,1.2,-6.197803568082161
6.8084946655802945,1.0,5.566665445356842
-6.50851967397859,1.0,-0.4862018183639716
16.84876399700543,0.8,13.275868027385934
19.126453011833405,1.0,10.624943526521612
6.806085739237204,0.8,6.9012274020302335
23.429513407325786,1.2,7.106779552704945
12.051913407630977,0.8,1.7546749950080471
9.360282653093694,0.8,7.635876368988154
8.314463995555627,1.2,4.209261095782452
9.399791930549181,1.2,-2.003658299084096
33.55494424704884,1.2,19.71495614488122
20.663317701729696,0.8,4.75789878192969
4.184443122249501,1.0,16.60527515101682
23.02369415925044,1.0,1.6312097853935494
4.862032474531221,1.0,3.6944073085214564
-4.342829149689571,1.2,-6.552156345260901
11.391216085504208,1.2,11.474950836980245
23.796073661228633,1.0,10.883615806284638
6.994695989929454,1.2,9.761512033862221
29.112836392130433,0.8,19.193105262561385
7.4128716839491915,0.8,-0.8323246688400951
5.742756147802929,1.2,0.434718789016153
34.920976123847,1.0,16.737890144442375
11.711241034552945,1.0,6.517963391663388
26.234954437107774,0.8,12.935208306523217
26.224462522696513,1.2,17.952785413085813
31.68662016946307,1.0,18.013070077975662
-6.1797225497363355,1.0,-5.153111382253683
2.204912439207904,1.2,-2.2598077193814383
24.54866411958953,1.2,9.394861601012089
15.317067157935423,1.0,10.308498718060985
15.182672405954026,1.2,7.825974041810306
-2.5203114158391635,1.2,10.341415582626087
2.65188563512684,1.2,2.5247260894508146
13.460033857253052,1.0,8.67366892581767
2.473161410357953,0.8,-6.968600206594023
-0.537274328557821,1.2,-5.758934666501339
-6.050977490350174,1.0,-7.632495847964796
-2.9923294634494493,0.8,-3.3613180324196055
24.59904931213878,1.0,5.888338545857428
22.345063126312198,1.0,6.397884987972255
-7.937484204307978,1.0,0.35594448769934717
-0.8522161595150042,0.8,-3.9254204255104757
15.22049060297223,1.0,8.405182211526673
4.518252990654792,0.8,6.019828066587152
27.04623212057887,1.2,19.456215805875658
25.324518844796614,0.8,14.924880075083546
30.12112510811493,1.0,17.82426870199212
15.331905417730216,0.8,13.352337830217682
5.843441591409434,1.0,5.993049729022081
17.2729113283213,1.2,15.013582836226208
-5.988849411454399,0.8,-12.911387267698682
-9.568629201633957,1.2,-4.002712355670988
-9.230791594584009,0.8,-3.536958406884201
8.339432207039728,1.0,4.580294780843898
0.2634917346378476,0.8,1.5477483335510636
-2.9198032389978543,1.2,-2.301565241344422
17.689670702817672,0.8,13.58972294865271
34.77927691759315,1.2,15.911794989182447
-2.001105837300863,1.2,-0.8892678544280368
14.588964089627247,1.0,15.514670365993043
-4.6122618700047795,0.8,5.016064258408201
32.04063984824626,1.2,18.008492101816405
3.128982585676326,1.0,-0.6199497667680403
29.52529190195203,1.0,7.5912807421781245
2.738439766266957,1.0,1.7124670273041813
26.272361608402377,1.2,16.877077993299544
-0.5778399949402289,0.8,25.054344399015662
3.1755243569049973,1.2,2.817405915841107
-1.338608556836471,1.0,-1.4114993044541098
1.891694503234504,1.2,-6.465127368902311
27.56895898999919,1.2,15.570310590239243
18.756462389601385,1.0,12.553680228461243
8.26458509767508,0.8,5.729389456082908
33.71844621869703,1.0,25.92171194404355
10.918768720830819,1.0,4.8500490153697084
33.639198706648315,1.2,16.013017872019248
-1.1535884690112894,1.0,11.255506714060513
30.70872922017272,1.2,10.310649842877876
-9.37800081561274,1.0,-6.788102033292471
14.538644106459085,1.0,10.074238308368798
9.037357743140667,0.8,10.945033628687112
13.628953046239069,1.0,12.488655138184011
14.905017437646457,0.8,3.0531052255611675
7.506410933046993,1.0,12.891431570431294
34.91890310987428,1.0,20.779752890623733
33.942823563528165,1.0,13.87456050636797
33.278541951706785,0.8,13.763268690085923
34.05882713194645,1.2,18.58714710113823
25.685557944622936,0.8,24.40439854202876
34.486571556184934,1.0,19.305526065598205
30.156210137381386,1.2,26.993912658799957
8.71696866645895,1.0,9.748921258622975
25.314969877253347,0.8,7.145992577518065
31.043053030653162,0.8,23.359078586437807
22.067273311419164,1.2,7.51287964560982
9.025205325452177,0.8,2.2370435071748824
-7.039439109260863,1.0,-1.1409542115285904
26.436362167726443,1.2,14.276005309100974
32.87342929069116,1.0,21.90378682458186
6.310846710346688,1.2,6.864033018492458
-3.1642277054977175,1.2,-0.971755306758718
4.692672776175007,1.0,11.840967161221293
16.21800611802108,0.8,6.536309963281444
4.261805147700628,1.0,-1.869220627930571
17.477842858835928,0.8,11.855417059079405
33.508350451008376,0.8,17.463258329047424
20.183052198845715,1.0,12.31840740831828
6.319671482852975,1.2,8.050642983466973
